{"cameraMode":{"drawMode":0,"name":"Shaded","section":"Shading Mode"},"sceneLighting":true,"audioPlay":false,"sceneViewState":{"m_AlwaysRefresh":false,"showFog":true,"showSkybox":false,"showFlares":true,"showImageEffects":true,"showParticleSystems":true,"showVisualEffectGraphs":true,"m_FxEnabled":true},"in2DMode":false,"pivot":{"x":-30.453121185302736,"y":39.529354095458987,"z":16.009374618530275},"rotation":{"x":-0.18373633921146394,"y":-0.7989283800125122,"z":0.30146434903144839,"w":-0.48697173595428469},"size":27.165327072143556,"orthographic":false}